{"name":"Calculate the projected balance at retirement for an \u0027Not Employed\u0027 person","testSteps":[{"number":1,"description":"Given TC_Kiwi_04 User launches \u0027Westpac New Zealand\u0027 Application","duration":6029,"startTime":1490886666674,"screenshots":[{"screenshot":"8a050e385f8680bdc9ac2a98a599b41e.png"}],"result":"SUCCESS","children":[{"number":2,"description":"Launch  westpac  application","duration":3707,"startTime":1490886667185,"screenshots":[{"screenshot":"6e350fa7e99bc6afc8883839b6192cb5.png"}],"result":"SUCCESS"}]},{"number":3,"description":"Then Verify that the user is navigated to home page","duration":1767,"startTime":1490886672703,"screenshots":[{"screenshot":"8a050e385f8680bdc9ac2a98a599b41e.png"}],"result":"SUCCESS","children":[{"number":4,"description":"Verify  user  navigation  to  home  page","duration":1399,"startTime":1490886672912,"screenshots":[{"screenshot":"8a050e385f8680bdc9ac2a98a599b41e.png"}],"result":"SUCCESS"}]},{"number":5,"description":"Then Hover on \u0027KiwiSaver\u0027 link in the header section","duration":8461,"startTime":1490886674470,"screenshots":[{"screenshot":"176e97cd99917b6634afdbcf2fea85d4.png"}],"result":"SUCCESS","children":[{"number":6,"description":"Hover  on  this  element: \u003cspan class\u003d\u0027step-parameter\u0027\u003eKiwiSaver\u003c/span\u003e","duration":7749,"startTime":1490886674632,"screenshots":[{"screenshot":"176e97cd99917b6634afdbcf2fea85d4.png"}],"result":"SUCCESS"}]},{"number":7,"description":"And Verify the section being shown below KiwiSaver link","duration":1725,"startTime":1490886682931,"screenshots":[{"screenshot":"176e97cd99917b6634afdbcf2fea85d4.png"}],"result":"SUCCESS","children":[{"number":8,"description":"Verify  section  below  kiwi  saver  section","duration":1292,"startTime":1490886683174,"screenshots":[{"screenshot":"176e97cd99917b6634afdbcf2fea85d4.png"}],"result":"SUCCESS"}]},{"number":9,"description":"Then Click on \u0027KiwiSaver calculators\u0027 button","duration":2413,"startTime":1490886684656,"screenshots":[{"screenshot":"71da4b4954c1d608811d210ac9184627.png"}],"result":"SUCCESS","children":[{"number":10,"description":"Click  on  button: \u003cspan class\u003d\u0027step-parameter\u0027\u003eKiwiSaver calculators\u003c/span\u003e","duration":844,"startTime":1490886684868,"screenshots":[{"screenshot":"ecd8bae771b6e2fa78deba462301fde3.png"}],"result":"SUCCESS"}]},{"number":11,"description":"And Verify that user navigates to \u0027KiwiSaver Retirement Scheme\u0027 home screen","duration":1422,"startTime":1490886687070,"screenshots":[{"screenshot":"006b19085363d2224c3d59283a8522d4.png"}],"result":"SUCCESS","children":[{"number":12,"description":"User  navigates to  kiwi saver  retirement  scheme  screen","duration":1066,"startTime":1490886687245,"screenshots":[{"screenshot":"006b19085363d2224c3d59283a8522d4.png"}],"result":"SUCCESS"}]},{"number":13,"description":"Then Click on \u0027Click here to get started\u0027 button","duration":2416,"startTime":1490886688492,"screenshots":[{"screenshot":"262937e3a8fb608836b1360bf5e7408c.png"}],"result":"SUCCESS","children":[{"number":14,"description":"Click  on  button: \u003cspan class\u003d\u0027step-parameter\u0027\u003eClick here to get started\u003c/span\u003e","duration":757,"startTime":1490886688662,"screenshots":[{"screenshot":"aa32aaa6499694039a81d9ac2783f067.png"}],"result":"SUCCESS"}]},{"number":15,"description":"And Now Verify that the user has navigated to \u0027KiwiSaver Retirement Calculator\u0027 screen","duration":6805,"startTime":1490886690908,"screenshots":[{"screenshot":"ad7809e05951805d5962b4d1cfe68653.png"},{"screenshot":"8202e117a1cf9db84368f228b0ee757a.png"}],"result":"SUCCESS","children":[{"number":16,"description":"User  navigates to  kiwi saver  retirement  calculator  screen","duration":4665,"startTime":1490886692806,"screenshots":[{"screenshot":"8202e117a1cf9db84368f228b0ee757a.png"}],"result":"SUCCESS"}]},{"number":17,"description":"Then Enter the details of an \u0027Not employed\u0027 person in the calculator","duration":8334,"startTime":1490886697714,"screenshots":[{"screenshot":"bf9174a37a07c6b26fc56077470c9e00.png"}],"result":"SUCCESS","children":[{"number":18,"description":"Enter  the  details  for  person: \u003cspan class\u003d\u0027step-parameter\u0027\u003eNot employed\u003c/span\u003e","duration":6079,"startTime":1490886697968,"screenshots":[{"screenshot":"2a00edab6c9285889ee84b2acfdd85f5.png"}],"result":"SUCCESS"}]},{"number":19,"description":"And Verify your \u0027KiwiSaver\u0027 Balance by clicking the calculator button","duration":4192,"startTime":1490886706048,"screenshots":[{"screenshot":"111cf6672259023c7a46265ccc555c6c.png"},{"screenshot":"d37271f89d1759b87a970e45545da8f3.png"}],"result":"SUCCESS","children":[{"number":20,"description":"Verify  kiwi saver  balance being shown on the screen","duration":2083,"startTime":1490886706315,"screenshots":[{"screenshot":"111cf6672259023c7a46265ccc555c6c.png"},{"screenshot":"d37271f89d1759b87a970e45545da8f3.png"}],"result":"SUCCESS"},{"number":21,"description":"Kiwi saver  balance  is  being  shown","duration":1513,"startTime":1490886708399,"screenshots":[{"screenshot":"d37271f89d1759b87a970e45545da8f3.png"}],"result":"SUCCESS"}]}],"userStory":{"id":"verify-the-functionality-of-kiwisaver-retirement-calculator","storyName":"Verify the functionality of KiwiSaver Retirement Calculator","path":"KiwiSaver_Calculator.feature","type":"feature"},"title":"Calculate the projected balance at retirement for an \u0027Not Employed\u0027 person","description":"","tags":[{"name":"Verify the functionality of KiwiSaver Retirement Calculator","type":"feature"},{"name":"KiwiSaver_Test","type":"tag"}],"startTime":1490886666497,"duration":43744,"sessionId":"3732de16-db18-4088-a909-363b89adb5c9","driver":"iexplorer","manual":false,"result":"SUCCESS"}