<acceptance-test-run title="Calculate the projected balance at retirement for an &apos;Not Employed&apos; person" name="Calculate the projected balance at retirement for an &apos;Not Employed&apos; person" description="" steps="11" successful="11" failures="0" skipped="0" ignored="0" pending="0" result="SUCCESS" duration="43744" timestamp="2017-03-30T20:41:06.497+05:30" session-id="3732de16-db18-4088-a909-363b89adb5c9">
  <user-story id="verify-the-functionality-of-kiwisaver-retirement-calculator" name="Verify the functionality of KiwiSaver Retirement Calculator" path="KiwiSaver_Calculator.feature"/>
  <tags>
    <tag name="Verify the functionality of KiwiSaver Retirement Calculator" type="feature"/>
    <tag name="KiwiSaver_Test" type="tag"/>
  </tags>
  <test-group name="Given TC_Kiwi_04 User launches &apos;Westpac New Zealand&apos; Application" result="SUCCESS">
    <screenshots>
      <screenshot image="8a050e385f8680bdc9ac2a98a599b41e.png"/>
    </screenshots>
    <test-step result="SUCCESS" duration="3707">
      <screenshots>
        <screenshot image="6e350fa7e99bc6afc8883839b6192cb5.png"/>
      </screenshots>
      <description>Launch  westpac  application</description>
    </test-step>
  </test-group>
  <test-group name="Then Verify that the user is navigated to home page" result="SUCCESS">
    <screenshots>
      <screenshot image="8a050e385f8680bdc9ac2a98a599b41e.png"/>
    </screenshots>
    <test-step result="SUCCESS" duration="1399">
      <screenshots>
        <screenshot image="8a050e385f8680bdc9ac2a98a599b41e.png"/>
      </screenshots>
      <description>Verify  user  navigation  to  home  page</description>
    </test-step>
  </test-group>
  <test-group name="Then Hover on &apos;KiwiSaver&apos; link in the header section" result="SUCCESS">
    <screenshots>
      <screenshot image="176e97cd99917b6634afdbcf2fea85d4.png"/>
    </screenshots>
    <test-step result="SUCCESS" duration="7749">
      <screenshots>
        <screenshot image="176e97cd99917b6634afdbcf2fea85d4.png"/>
      </screenshots>
      <description>Hover  on  this  element: &lt;span class=&apos;step-parameter&apos;&gt;KiwiSaver&lt;/span&gt;</description>
    </test-step>
  </test-group>
  <test-group name="And Verify the section being shown below KiwiSaver link" result="SUCCESS">
    <screenshots>
      <screenshot image="176e97cd99917b6634afdbcf2fea85d4.png"/>
    </screenshots>
    <test-step result="SUCCESS" duration="1292">
      <screenshots>
        <screenshot image="176e97cd99917b6634afdbcf2fea85d4.png"/>
      </screenshots>
      <description>Verify  section  below  kiwi  saver  section</description>
    </test-step>
  </test-group>
  <test-group name="Then Click on &apos;KiwiSaver calculators&apos; button" result="SUCCESS">
    <screenshots>
      <screenshot image="71da4b4954c1d608811d210ac9184627.png"/>
    </screenshots>
    <test-step result="SUCCESS" duration="844">
      <screenshots>
        <screenshot image="ecd8bae771b6e2fa78deba462301fde3.png"/>
      </screenshots>
      <description>Click  on  button: &lt;span class=&apos;step-parameter&apos;&gt;KiwiSaver calculators&lt;/span&gt;</description>
    </test-step>
  </test-group>
  <test-group name="And Verify that user navigates to &apos;KiwiSaver Retirement Scheme&apos; home screen" result="SUCCESS">
    <screenshots>
      <screenshot image="006b19085363d2224c3d59283a8522d4.png"/>
    </screenshots>
    <test-step result="SUCCESS" duration="1066">
      <screenshots>
        <screenshot image="006b19085363d2224c3d59283a8522d4.png"/>
      </screenshots>
      <description>User  navigates to  kiwi saver  retirement  scheme  screen</description>
    </test-step>
  </test-group>
  <test-group name="Then Click on &apos;Click here to get started&apos; button" result="SUCCESS">
    <screenshots>
      <screenshot image="262937e3a8fb608836b1360bf5e7408c.png"/>
    </screenshots>
    <test-step result="SUCCESS" duration="757">
      <screenshots>
        <screenshot image="aa32aaa6499694039a81d9ac2783f067.png"/>
      </screenshots>
      <description>Click  on  button: &lt;span class=&apos;step-parameter&apos;&gt;Click here to get started&lt;/span&gt;</description>
    </test-step>
  </test-group>
  <test-group name="And Now Verify that the user has navigated to &apos;KiwiSaver Retirement Calculator&apos; screen" result="SUCCESS">
    <screenshots>
      <screenshot image="ad7809e05951805d5962b4d1cfe68653.png"/>
      <screenshot image="8202e117a1cf9db84368f228b0ee757a.png"/>
    </screenshots>
    <test-step result="SUCCESS" duration="4665">
      <screenshots>
        <screenshot image="8202e117a1cf9db84368f228b0ee757a.png"/>
      </screenshots>
      <description>User  navigates to  kiwi saver  retirement  calculator  screen</description>
    </test-step>
  </test-group>
  <test-group name="Then Enter the details of an &apos;Not employed&apos; person in the calculator" result="SUCCESS">
    <screenshots>
      <screenshot image="bf9174a37a07c6b26fc56077470c9e00.png"/>
    </screenshots>
    <test-step result="SUCCESS" duration="6079">
      <screenshots>
        <screenshot image="2a00edab6c9285889ee84b2acfdd85f5.png"/>
      </screenshots>
      <description>Enter  the  details  for  person: &lt;span class=&apos;step-parameter&apos;&gt;Not employed&lt;/span&gt;</description>
    </test-step>
  </test-group>
  <test-group name="And Verify your &apos;KiwiSaver&apos; Balance by clicking the calculator button" result="SUCCESS">
    <screenshots>
      <screenshot image="111cf6672259023c7a46265ccc555c6c.png"/>
      <screenshot image="d37271f89d1759b87a970e45545da8f3.png"/>
    </screenshots>
    <test-step result="SUCCESS" duration="2083">
      <screenshots>
        <screenshot image="111cf6672259023c7a46265ccc555c6c.png"/>
        <screenshot image="d37271f89d1759b87a970e45545da8f3.png"/>
      </screenshots>
      <description>Verify  kiwi saver  balance being shown on the screen</description>
    </test-step>
    <test-step result="SUCCESS" duration="1513">
      <screenshots>
        <screenshot image="d37271f89d1759b87a970e45545da8f3.png"/>
      </screenshots>
      <description>Kiwi saver  balance  is  being  shown</description>
    </test-step>
  </test-group>
</acceptance-test-run>