{"name":"Calculate the projected balance at retirement for an \u0027Employed\u0027 person","testSteps":[{"number":1,"description":"Given TC_Kiwi_02 User launches \u0027Westpac New Zealand\u0027 Application","duration":6175,"startTime":1490886534646,"screenshots":[{"screenshot":"8a050e385f8680bdc9ac2a98a599b41e.png"}],"result":"SUCCESS","children":[{"number":2,"description":"Launch  westpac  application","duration":3667,"startTime":1490886535190,"screenshots":[{"screenshot":"6e350fa7e99bc6afc8883839b6192cb5.png"}],"result":"SUCCESS"}]},{"number":3,"description":"Then Verify that the user is navigated to home page","duration":1658,"startTime":1490886540822,"screenshots":[{"screenshot":"8a050e385f8680bdc9ac2a98a599b41e.png"}],"result":"SUCCESS","children":[{"number":4,"description":"Verify  user  navigation  to  home  page","duration":1319,"startTime":1490886540995,"screenshots":[{"screenshot":"8a050e385f8680bdc9ac2a98a599b41e.png"}],"result":"SUCCESS"}]},{"number":5,"description":"Then Hover on \u0027KiwiSaver\u0027 link in the header section","duration":8777,"startTime":1490886542481,"screenshots":[{"screenshot":"176e97cd99917b6634afdbcf2fea85d4.png"}],"result":"SUCCESS","children":[{"number":6,"description":"Hover  on  this  element: \u003cspan class\u003d\u0027step-parameter\u0027\u003eKiwiSaver\u003c/span\u003e","duration":7911,"startTime":1490886542657,"screenshots":[{"screenshot":"176e97cd99917b6634afdbcf2fea85d4.png"}],"result":"SUCCESS"}]},{"number":7,"description":"And Verify the section being shown below KiwiSaver link","duration":1651,"startTime":1490886551258,"screenshots":[{"screenshot":"176e97cd99917b6634afdbcf2fea85d4.png"}],"result":"SUCCESS","children":[{"number":8,"description":"Verify  section  below  kiwi  saver  section","duration":1251,"startTime":1490886551452,"screenshots":[{"screenshot":"176e97cd99917b6634afdbcf2fea85d4.png"}],"result":"SUCCESS"}]},{"number":9,"description":"Then Click on \u0027KiwiSaver calculators\u0027 button","duration":2474,"startTime":1490886552909,"screenshots":[{"screenshot":"71da4b4954c1d608811d210ac9184627.png"}],"result":"SUCCESS","children":[{"number":10,"description":"Click  on  button: \u003cspan class\u003d\u0027step-parameter\u0027\u003eKiwiSaver calculators\u003c/span\u003e","duration":1022,"startTime":1490886553111,"screenshots":[{"screenshot":"80a3f6c7d4088f999e80e6e80069fc2f.png"}],"result":"SUCCESS"}]},{"number":11,"description":"And Verify that user navigates to \u0027KiwiSaver Retirement Scheme\u0027 home screen","duration":2393,"startTime":1490886555383,"screenshots":[{"screenshot":"006b19085363d2224c3d59283a8522d4.png"}],"result":"SUCCESS","children":[{"number":12,"description":"User  navigates to  kiwi saver  retirement  scheme  screen","duration":1835,"startTime":1490886555763,"screenshots":[{"screenshot":"006b19085363d2224c3d59283a8522d4.png"}],"result":"SUCCESS"}]},{"number":13,"description":"Then Click on \u0027Click here to get started\u0027 button","duration":2386,"startTime":1490886557776,"screenshots":[{"screenshot":"262937e3a8fb608836b1360bf5e7408c.png"}],"result":"SUCCESS","children":[{"number":14,"description":"Click  on  button: \u003cspan class\u003d\u0027step-parameter\u0027\u003eClick here to get started\u003c/span\u003e","duration":745,"startTime":1490886557933,"screenshots":[{"screenshot":"fe3a117844b3a27263b729a8e9ab02df.png"}],"result":"SUCCESS"}]},{"number":15,"description":"And Now Verify that the user has navigated to \u0027KiwiSaver Retirement Calculator\u0027 screen","duration":21758,"startTime":1490886560163,"screenshots":[{"screenshot":"ef96fe0664ebcd092615dfb697f232ad.png"},{"screenshot":"8202e117a1cf9db84368f228b0ee757a.png"}],"result":"SUCCESS","children":[{"number":16,"description":"User  navigates to  kiwi saver  retirement  calculator  screen","duration":14559,"startTime":1490886566288,"screenshots":[{"screenshot":"aa8e1f9649d11b12bfd1373e80cbd08d.png"},{"screenshot":"8202e117a1cf9db84368f228b0ee757a.png"}],"result":"SUCCESS"}]},{"number":17,"description":"Then Enter the details of an \u0027Employed\u0027 person in the calculator","duration":9852,"startTime":1490886581921,"screenshots":[{"screenshot":"de78aa7503a3bede470aa4c144028689.png"}],"result":"SUCCESS","children":[{"number":18,"description":"Enter  the  details  for  person: \u003cspan class\u003d\u0027step-parameter\u0027\u003eEmployed\u003c/span\u003e","duration":7620,"startTime":1490886582151,"screenshots":[{"screenshot":"d8771d481676fdc061989f4228afba53.png"}],"result":"SUCCESS"}]},{"number":19,"description":"And Verify your \u0027KiwiSaver\u0027 Balance by clicking the calculator button","duration":4560,"startTime":1490886591773,"screenshots":[{"screenshot":"21e06c99353d16f1897a063af4fa4e86.png"},{"screenshot":"fc47e618f17480c015f00521d5f2bdca.png"}],"result":"SUCCESS","children":[{"number":20,"description":"Verify  kiwi saver  balance being shown on the screen","duration":2306,"startTime":1490886592027,"screenshots":[{"screenshot":"21e06c99353d16f1897a063af4fa4e86.png"},{"screenshot":"fc47e618f17480c015f00521d5f2bdca.png"}],"result":"SUCCESS"},{"number":21,"description":"Kiwi saver  balance  is  being  shown","duration":1682,"startTime":1490886594334,"screenshots":[{"screenshot":"fc47e618f17480c015f00521d5f2bdca.png"}],"result":"SUCCESS"}]}],"userStory":{"id":"verify-the-functionality-of-kiwisaver-retirement-calculator","storyName":"Verify the functionality of KiwiSaver Retirement Calculator","path":"KiwiSaver_Calculator.feature","type":"feature"},"title":"Calculate the projected balance at retirement for an \u0027Employed\u0027 person","description":"","tags":[{"name":"Verify the functionality of KiwiSaver Retirement Calculator","type":"feature"},{"name":"KiwiSaver_Test","type":"tag"}],"startTime":1490886534454,"duration":61879,"sessionId":"d8c05abd-9bcc-41af-915a-dbb9769716e9","driver":"iexplorer","manual":false,"result":"SUCCESS"}