<acceptance-test-run title="Calculate the projected balance at retirement for an &apos;Employed&apos; person" name="Calculate the projected balance at retirement for an &apos;Employed&apos; person" description="" steps="11" successful="11" failures="0" skipped="0" ignored="0" pending="0" result="SUCCESS" duration="61879" timestamp="2017-03-30T20:38:54.454+05:30" session-id="d8c05abd-9bcc-41af-915a-dbb9769716e9">
  <user-story id="verify-the-functionality-of-kiwisaver-retirement-calculator" name="Verify the functionality of KiwiSaver Retirement Calculator" path="KiwiSaver_Calculator.feature"/>
  <tags>
    <tag name="Verify the functionality of KiwiSaver Retirement Calculator" type="feature"/>
    <tag name="KiwiSaver_Test" type="tag"/>
  </tags>
  <test-group name="Given TC_Kiwi_02 User launches &apos;Westpac New Zealand&apos; Application" result="SUCCESS">
    <screenshots>
      <screenshot image="8a050e385f8680bdc9ac2a98a599b41e.png"/>
    </screenshots>
    <test-step result="SUCCESS" duration="3667">
      <screenshots>
        <screenshot image="6e350fa7e99bc6afc8883839b6192cb5.png"/>
      </screenshots>
      <description>Launch  westpac  application</description>
    </test-step>
  </test-group>
  <test-group name="Then Verify that the user is navigated to home page" result="SUCCESS">
    <screenshots>
      <screenshot image="8a050e385f8680bdc9ac2a98a599b41e.png"/>
    </screenshots>
    <test-step result="SUCCESS" duration="1319">
      <screenshots>
        <screenshot image="8a050e385f8680bdc9ac2a98a599b41e.png"/>
      </screenshots>
      <description>Verify  user  navigation  to  home  page</description>
    </test-step>
  </test-group>
  <test-group name="Then Hover on &apos;KiwiSaver&apos; link in the header section" result="SUCCESS">
    <screenshots>
      <screenshot image="176e97cd99917b6634afdbcf2fea85d4.png"/>
    </screenshots>
    <test-step result="SUCCESS" duration="7911">
      <screenshots>
        <screenshot image="176e97cd99917b6634afdbcf2fea85d4.png"/>
      </screenshots>
      <description>Hover  on  this  element: &lt;span class=&apos;step-parameter&apos;&gt;KiwiSaver&lt;/span&gt;</description>
    </test-step>
  </test-group>
  <test-group name="And Verify the section being shown below KiwiSaver link" result="SUCCESS">
    <screenshots>
      <screenshot image="176e97cd99917b6634afdbcf2fea85d4.png"/>
    </screenshots>
    <test-step result="SUCCESS" duration="1251">
      <screenshots>
        <screenshot image="176e97cd99917b6634afdbcf2fea85d4.png"/>
      </screenshots>
      <description>Verify  section  below  kiwi  saver  section</description>
    </test-step>
  </test-group>
  <test-group name="Then Click on &apos;KiwiSaver calculators&apos; button" result="SUCCESS">
    <screenshots>
      <screenshot image="71da4b4954c1d608811d210ac9184627.png"/>
    </screenshots>
    <test-step result="SUCCESS" duration="1022">
      <screenshots>
        <screenshot image="80a3f6c7d4088f999e80e6e80069fc2f.png"/>
      </screenshots>
      <description>Click  on  button: &lt;span class=&apos;step-parameter&apos;&gt;KiwiSaver calculators&lt;/span&gt;</description>
    </test-step>
  </test-group>
  <test-group name="And Verify that user navigates to &apos;KiwiSaver Retirement Scheme&apos; home screen" result="SUCCESS">
    <screenshots>
      <screenshot image="006b19085363d2224c3d59283a8522d4.png"/>
    </screenshots>
    <test-step result="SUCCESS" duration="1835">
      <screenshots>
        <screenshot image="006b19085363d2224c3d59283a8522d4.png"/>
      </screenshots>
      <description>User  navigates to  kiwi saver  retirement  scheme  screen</description>
    </test-step>
  </test-group>
  <test-group name="Then Click on &apos;Click here to get started&apos; button" result="SUCCESS">
    <screenshots>
      <screenshot image="262937e3a8fb608836b1360bf5e7408c.png"/>
    </screenshots>
    <test-step result="SUCCESS" duration="745">
      <screenshots>
        <screenshot image="fe3a117844b3a27263b729a8e9ab02df.png"/>
      </screenshots>
      <description>Click  on  button: &lt;span class=&apos;step-parameter&apos;&gt;Click here to get started&lt;/span&gt;</description>
    </test-step>
  </test-group>
  <test-group name="And Now Verify that the user has navigated to &apos;KiwiSaver Retirement Calculator&apos; screen" result="SUCCESS">
    <screenshots>
      <screenshot image="ef96fe0664ebcd092615dfb697f232ad.png"/>
      <screenshot image="8202e117a1cf9db84368f228b0ee757a.png"/>
    </screenshots>
    <test-step result="SUCCESS" duration="14559">
      <screenshots>
        <screenshot image="aa8e1f9649d11b12bfd1373e80cbd08d.png"/>
        <screenshot image="8202e117a1cf9db84368f228b0ee757a.png"/>
      </screenshots>
      <description>User  navigates to  kiwi saver  retirement  calculator  screen</description>
    </test-step>
  </test-group>
  <test-group name="Then Enter the details of an &apos;Employed&apos; person in the calculator" result="SUCCESS">
    <screenshots>
      <screenshot image="de78aa7503a3bede470aa4c144028689.png"/>
    </screenshots>
    <test-step result="SUCCESS" duration="7620">
      <screenshots>
        <screenshot image="d8771d481676fdc061989f4228afba53.png"/>
      </screenshots>
      <description>Enter  the  details  for  person: &lt;span class=&apos;step-parameter&apos;&gt;Employed&lt;/span&gt;</description>
    </test-step>
  </test-group>
  <test-group name="And Verify your &apos;KiwiSaver&apos; Balance by clicking the calculator button" result="SUCCESS">
    <screenshots>
      <screenshot image="21e06c99353d16f1897a063af4fa4e86.png"/>
      <screenshot image="fc47e618f17480c015f00521d5f2bdca.png"/>
    </screenshots>
    <test-step result="SUCCESS" duration="2306">
      <screenshots>
        <screenshot image="21e06c99353d16f1897a063af4fa4e86.png"/>
        <screenshot image="fc47e618f17480c015f00521d5f2bdca.png"/>
      </screenshots>
      <description>Verify  kiwi saver  balance being shown on the screen</description>
    </test-step>
    <test-step result="SUCCESS" duration="1682">
      <screenshots>
        <screenshot image="fc47e618f17480c015f00521d5f2bdca.png"/>
      </screenshots>
      <description>Kiwi saver  balance  is  being  shown</description>
    </test-step>
  </test-group>
</acceptance-test-run>