<acceptance-test-run title="Verifying the Information Message for &apos;Current age&apos; field in KiwiSaver Retirement Calculator Page" name="Verifying the Information Message for &apos;Current age&apos; field in KiwiSaver Retirement Calculator Page" description="" steps="9" successful="9" failures="0" skipped="0" ignored="0" pending="0" result="SUCCESS" duration="39440" timestamp="2017-03-30T20:26:03.087+05:30" session-id="0c19f5df-b756-454a-bd86-1cdc020c9a8a">
  <user-story id="verify-the-functionlity-of-kiwisaver-retirement-calculator" name="Verify the functionlity of KiwiSaver Retirement Calculator" path="KiwiSaver_Calculator.feature"/>
  <tags>
    <tag name="Verify the functionlity of KiwiSaver Retirement Calculator" type="feature"/>
    <tag name="KiwiSaver_Test" type="tag"/>
  </tags>
  <test-group name="Given TC_Kiwi_01 User launches &apos;Westpac New Zealand&apos; Application" result="SUCCESS">
    <screenshots>
      <screenshot image="8a050e385f8680bdc9ac2a98a599b41e.png"/>
    </screenshots>
    <test-step result="SUCCESS" duration="3694">
      <screenshots>
        <screenshot image="8a050e385f8680bdc9ac2a98a599b41e.png"/>
      </screenshots>
      <description>Launch  westpac  application</description>
    </test-step>
  </test-group>
  <test-group name="Then Verify that the user is navigated to home page" result="SUCCESS">
    <screenshots>
      <screenshot image="8a050e385f8680bdc9ac2a98a599b41e.png"/>
    </screenshots>
    <test-step result="SUCCESS" duration="1412">
      <screenshots>
        <screenshot image="8a050e385f8680bdc9ac2a98a599b41e.png"/>
      </screenshots>
      <description>Verify  user  navigation  to  home  page</description>
    </test-step>
  </test-group>
  <test-group name="Then Hover on &apos;KiwiSaver&apos; link in the header section" result="SUCCESS">
    <screenshots>
      <screenshot image="176e97cd99917b6634afdbcf2fea85d4.png"/>
    </screenshots>
    <test-step result="SUCCESS" duration="7774">
      <screenshots>
        <screenshot image="176e97cd99917b6634afdbcf2fea85d4.png"/>
      </screenshots>
      <description>Hover  on  this  element: &lt;span class=&apos;step-parameter&apos;&gt;KiwiSaver&lt;/span&gt;</description>
    </test-step>
  </test-group>
  <test-group name="And Verify the section being shown below KiwiSaver link" result="SUCCESS">
    <screenshots>
      <screenshot image="176e97cd99917b6634afdbcf2fea85d4.png"/>
    </screenshots>
    <test-step result="SUCCESS" duration="1257">
      <screenshots>
        <screenshot image="176e97cd99917b6634afdbcf2fea85d4.png"/>
      </screenshots>
      <description>Verify  section  below  kiwi  saver  section</description>
    </test-step>
  </test-group>
  <test-group name="Then Click on &apos;KiwiSaver calculators&apos; button" result="SUCCESS">
    <screenshots>
      <screenshot image="71da4b4954c1d608811d210ac9184627.png"/>
    </screenshots>
    <test-step result="SUCCESS" duration="940">
      <screenshots>
        <screenshot image="1d8e75aa84210c18ee1a703922ecc99d.png"/>
      </screenshots>
      <description>Click  on  button: &lt;span class=&apos;step-parameter&apos;&gt;KiwiSaver calculators&lt;/span&gt;</description>
    </test-step>
  </test-group>
  <test-group name="And Verify that user navigates to &apos;KiwiSaver Retirement Scheme&apos; home screen" result="SUCCESS">
    <screenshots>
      <screenshot image="006b19085363d2224c3d59283a8522d4.png"/>
    </screenshots>
    <test-step result="SUCCESS" duration="1085">
      <screenshots>
        <screenshot image="006b19085363d2224c3d59283a8522d4.png"/>
      </screenshots>
      <description>User  navigates to  kiwi saver  retirement  scheme  screen</description>
    </test-step>
  </test-group>
  <test-group name="Then Click on &apos;Click here to get started&apos; button" result="SUCCESS">
    <screenshots>
      <screenshot image="262937e3a8fb608836b1360bf5e7408c.png"/>
    </screenshots>
    <test-step result="SUCCESS" duration="783">
      <screenshots>
        <screenshot image="3d05e6fb0a6950bcee1e55f6c96ad529.png"/>
      </screenshots>
      <description>Click  on  button: &lt;span class=&apos;step-parameter&apos;&gt;Click here to get started&lt;/span&gt;</description>
    </test-step>
  </test-group>
  <test-group name="And Now Verify that the user has navigated to &apos;KiwiSaver Retirement Calculator&apos; screen" result="SUCCESS">
    <screenshots>
      <screenshot image="ef96fe0664ebcd092615dfb697f232ad.png"/>
      <screenshot image="8202e117a1cf9db84368f228b0ee757a.png"/>
    </screenshots>
    <test-step result="SUCCESS" duration="3381">
      <screenshots>
        <screenshot image="0bddf4c8c2792533d359dfaa5faaabfd.png"/>
        <screenshot image="8202e117a1cf9db84368f228b0ee757a.png"/>
      </screenshots>
      <description>User  navigates to  kiwi saver  retirement  calculator  screen</description>
    </test-step>
  </test-group>
  <test-group name="Then Click on information icon for &apos;Current age&apos; field and verify the message below it" result="SUCCESS">
    <screenshots>
      <screenshot image="66b11485ae1ed8cb20d0e9e5c35bf3e5.png"/>
    </screenshots>
    <test-step result="SUCCESS" duration="3234">
      <screenshots>
        <screenshot image="66b11485ae1ed8cb20d0e9e5c35bf3e5.png"/>
      </screenshots>
      <description>Verify  message  that  pops  out  for  current  age  field</description>
    </test-step>
  </test-group>
</acceptance-test-run>