{"name":"Verifying the Information Message for \u0027Current age\u0027 field in KiwiSaver Retirement Calculator Page","testSteps":[{"number":1,"description":"Given TC_Kiwi_01 User launches \u0027Westpac New Zealand\u0027 Application","duration":5597,"startTime":1490885763280,"screenshots":[{"screenshot":"8a050e385f8680bdc9ac2a98a599b41e.png"}],"result":"SUCCESS","children":[{"number":2,"description":"Launch  westpac  application","duration":3694,"startTime":1490885763815,"screenshots":[{"screenshot":"8a050e385f8680bdc9ac2a98a599b41e.png"}],"result":"SUCCESS"}]},{"number":3,"description":"Then Verify that the user is navigated to home page","duration":1772,"startTime":1490885768877,"screenshots":[{"screenshot":"8a050e385f8680bdc9ac2a98a599b41e.png"}],"result":"SUCCESS","children":[{"number":4,"description":"Verify  user  navigation  to  home  page","duration":1412,"startTime":1490885769050,"screenshots":[{"screenshot":"8a050e385f8680bdc9ac2a98a599b41e.png"}],"result":"SUCCESS"}]},{"number":5,"description":"Then Hover on \u0027KiwiSaver\u0027 link in the header section","duration":8618,"startTime":1490885770649,"screenshots":[{"screenshot":"176e97cd99917b6634afdbcf2fea85d4.png"}],"result":"SUCCESS","children":[{"number":6,"description":"Hover  on  this  element: \u003cspan class\u003d\u0027step-parameter\u0027\u003eKiwiSaver\u003c/span\u003e","duration":7774,"startTime":1490885770829,"screenshots":[{"screenshot":"176e97cd99917b6634afdbcf2fea85d4.png"}],"result":"SUCCESS"}]},{"number":7,"description":"And Verify the section being shown below KiwiSaver link","duration":1671,"startTime":1490885779268,"screenshots":[{"screenshot":"176e97cd99917b6634afdbcf2fea85d4.png"}],"result":"SUCCESS","children":[{"number":8,"description":"Verify  section  below  kiwi  saver  section","duration":1257,"startTime":1490885779480,"screenshots":[{"screenshot":"176e97cd99917b6634afdbcf2fea85d4.png"}],"result":"SUCCESS"}]},{"number":9,"description":"Then Click on \u0027KiwiSaver calculators\u0027 button","duration":2502,"startTime":1490885780940,"screenshots":[{"screenshot":"71da4b4954c1d608811d210ac9184627.png"}],"result":"SUCCESS","children":[{"number":10,"description":"Click  on  button: \u003cspan class\u003d\u0027step-parameter\u0027\u003eKiwiSaver calculators\u003c/span\u003e","duration":940,"startTime":1490885781184,"screenshots":[{"screenshot":"1d8e75aa84210c18ee1a703922ecc99d.png"}],"result":"SUCCESS"}]},{"number":11,"description":"And Verify that user navigates to \u0027KiwiSaver Retirement Scheme\u0027 home screen","duration":1440,"startTime":1490885783442,"screenshots":[{"screenshot":"006b19085363d2224c3d59283a8522d4.png"}],"result":"SUCCESS","children":[{"number":12,"description":"User  navigates to  kiwi saver  retirement  scheme  screen","duration":1085,"startTime":1490885783609,"screenshots":[{"screenshot":"006b19085363d2224c3d59283a8522d4.png"}],"result":"SUCCESS"}]},{"number":13,"description":"Then Click on \u0027Click here to get started\u0027 button","duration":2292,"startTime":1490885784882,"screenshots":[{"screenshot":"262937e3a8fb608836b1360bf5e7408c.png"}],"result":"SUCCESS","children":[{"number":14,"description":"Click  on  button: \u003cspan class\u003d\u0027step-parameter\u0027\u003eClick here to get started\u003c/span\u003e","duration":783,"startTime":1490885785038,"screenshots":[{"screenshot":"3d05e6fb0a6950bcee1e55f6c96ad529.png"}],"result":"SUCCESS"}]},{"number":15,"description":"And Now Verify that the user has navigated to \u0027KiwiSaver Retirement Calculator\u0027 screen","duration":10739,"startTime":1490885787174,"screenshots":[{"screenshot":"ef96fe0664ebcd092615dfb697f232ad.png"},{"screenshot":"8202e117a1cf9db84368f228b0ee757a.png"}],"result":"SUCCESS","children":[{"number":16,"description":"User  navigates to  kiwi saver  retirement  calculator  screen","duration":3381,"startTime":1490885793575,"screenshots":[{"screenshot":"0bddf4c8c2792533d359dfaa5faaabfd.png"},{"screenshot":"8202e117a1cf9db84368f228b0ee757a.png"}],"result":"SUCCESS"}]},{"number":17,"description":"Then Click on information icon for \u0027Current age\u0027 field and verify the message below it","duration":4613,"startTime":1490885797913,"screenshots":[{"screenshot":"66b11485ae1ed8cb20d0e9e5c35bf3e5.png"}],"result":"SUCCESS","children":[{"number":18,"description":"Verify  message  that  pops  out  for  current  age  field","duration":3234,"startTime":1490885798176,"screenshots":[{"screenshot":"66b11485ae1ed8cb20d0e9e5c35bf3e5.png"}],"result":"SUCCESS"}]}],"userStory":{"id":"verify-the-functionlity-of-kiwisaver-retirement-calculator","storyName":"Verify the functionlity of KiwiSaver Retirement Calculator","path":"KiwiSaver_Calculator.feature","type":"feature"},"title":"Verifying the Information Message for \u0027Current age\u0027 field in KiwiSaver Retirement Calculator Page","description":"","tags":[{"name":"Verify the functionlity of KiwiSaver Retirement Calculator","type":"feature"},{"name":"KiwiSaver_Test","type":"tag"}],"startTime":1490885763087,"duration":39440,"sessionId":"0c19f5df-b756-454a-bd86-1cdc020c9a8a","driver":"iexplorer","manual":false,"result":"SUCCESS"}