{"name":"Calculate the projected balance at retirement for an \u0027Self-Employed\u0027 person","testSteps":[{"number":1,"description":"Given TC_Kiwi_03 User launches \u0027Westpac New Zealand\u0027 Application","duration":6710,"startTime":1490886414718,"screenshots":[{"screenshot":"8a050e385f8680bdc9ac2a98a599b41e.png"}],"result":"SUCCESS","children":[{"number":2,"description":"Launch  westpac  application","duration":4028,"startTime":1490886415347,"screenshots":[{"screenshot":"6e350fa7e99bc6afc8883839b6192cb5.png"}],"result":"SUCCESS"}]},{"number":3,"description":"Then Verify that the user is navigated to home page","duration":1690,"startTime":1490886421429,"screenshots":[{"screenshot":"8a050e385f8680bdc9ac2a98a599b41e.png"}],"result":"SUCCESS","children":[{"number":4,"description":"Verify  user  navigation  to  home  page","duration":1301,"startTime":1490886421656,"screenshots":[{"screenshot":"8a050e385f8680bdc9ac2a98a599b41e.png"}],"result":"SUCCESS"}]},{"number":5,"description":"Then Hover on \u0027KiwiSaver\u0027 link in the header section","duration":8576,"startTime":1490886423120,"screenshots":[{"screenshot":"176e97cd99917b6634afdbcf2fea85d4.png"}],"result":"SUCCESS","children":[{"number":6,"description":"Hover  on  this  element: \u003cspan class\u003d\u0027step-parameter\u0027\u003eKiwiSaver\u003c/span\u003e","duration":7766,"startTime":1490886423276,"screenshots":[{"screenshot":"176e97cd99917b6634afdbcf2fea85d4.png"}],"result":"SUCCESS"}]},{"number":7,"description":"And Verify the section being shown below KiwiSaver link","duration":1843,"startTime":1490886431696,"screenshots":[{"screenshot":"176e97cd99917b6634afdbcf2fea85d4.png"}],"result":"SUCCESS","children":[{"number":8,"description":"Verify  section  below  kiwi  saver  section","duration":1352,"startTime":1490886431969,"screenshots":[{"screenshot":"176e97cd99917b6634afdbcf2fea85d4.png"}],"result":"SUCCESS"}]},{"number":9,"description":"Then Click on \u0027KiwiSaver calculators\u0027 button","duration":2273,"startTime":1490886433540,"screenshots":[{"screenshot":"71da4b4954c1d608811d210ac9184627.png"}],"result":"SUCCESS","children":[{"number":10,"description":"Click  on  button: \u003cspan class\u003d\u0027step-parameter\u0027\u003eKiwiSaver calculators\u003c/span\u003e","duration":813,"startTime":1490886433764,"screenshots":[{"screenshot":"a7036dbbff8a5e1f043f9779c3b6b257.png"}],"result":"SUCCESS"}]},{"number":11,"description":"And Verify that user navigates to \u0027KiwiSaver Retirement Scheme\u0027 home screen","duration":1953,"startTime":1490886435813,"screenshots":[{"screenshot":"006b19085363d2224c3d59283a8522d4.png"}],"result":"SUCCESS","children":[{"number":12,"description":"User  navigates to  kiwi saver  retirement  scheme  screen","duration":1254,"startTime":1490886436320,"screenshots":[{"screenshot":"006b19085363d2224c3d59283a8522d4.png"}],"result":"SUCCESS"}]},{"number":13,"description":"Then Click on \u0027Click here to get started\u0027 button","duration":2125,"startTime":1490886437766,"screenshots":[{"screenshot":"262937e3a8fb608836b1360bf5e7408c.png"}],"result":"SUCCESS","children":[{"number":14,"description":"Click  on  button: \u003cspan class\u003d\u0027step-parameter\u0027\u003eClick here to get started\u003c/span\u003e","duration":741,"startTime":1490886437958,"screenshots":[{"screenshot":"02c75537d4905ef8c49e0335e9ca525e.png"}],"result":"SUCCESS"}]},{"number":15,"description":"And Now Verify that the user has navigated to \u0027KiwiSaver Retirement Calculator\u0027 screen","duration":6938,"startTime":1490886439892,"screenshots":[{"screenshot":"23b666eb2169f6d88b7386ee6e7ddd39.png"},{"screenshot":"8202e117a1cf9db84368f228b0ee757a.png"}],"result":"SUCCESS","children":[{"number":16,"description":"User  navigates to  kiwi saver  retirement  calculator  screen","duration":5040,"startTime":1490886441556,"screenshots":[{"screenshot":"8202e117a1cf9db84368f228b0ee757a.png"}],"result":"SUCCESS"}]},{"number":17,"description":"Then Enter the details of an \u0027Self-employed\u0027 person in the calculator","duration":8625,"startTime":1490886446830,"screenshots":[{"screenshot":"8efb1a37ba50eab577d567f9bc72e8b7.png"}],"result":"SUCCESS","children":[{"number":18,"description":"Enter  the  details  for  person: \u003cspan class\u003d\u0027step-parameter\u0027\u003eSelf-employed\u003c/span\u003e","duration":6282,"startTime":1490886447098,"screenshots":[{"screenshot":"6b47e9708ef814e2a635597f52eafd2e.png"}],"result":"SUCCESS"}]},{"number":19,"description":"And Verify your \u0027KiwiSaver\u0027 Balance by clicking the calculator button","duration":5402,"startTime":1490886455456,"screenshots":[{"screenshot":"706108758ea6e5709a35067150bd4a93.png"},{"screenshot":"158744e2b1dd2b801ff4cb781c9bf0ec.png"}],"result":"SUCCESS","children":[{"number":20,"description":"Verify  kiwi saver  balance being shown on the screen","duration":2130,"startTime":1490886455727,"screenshots":[{"screenshot":"706108758ea6e5709a35067150bd4a93.png"},{"screenshot":"158744e2b1dd2b801ff4cb781c9bf0ec.png"}],"result":"SUCCESS"},{"number":21,"description":"Kiwi saver  balance  is  being  shown","duration":1702,"startTime":1490886457858,"screenshots":[{"screenshot":"158744e2b1dd2b801ff4cb781c9bf0ec.png"},{"screenshot":"ec39a46bf90b173c6dd0f5d2b1152ccf.png"}],"result":"SUCCESS"}]}],"userStory":{"id":"verify-the-functionality-of-kiwisaver-retirement-calculator","storyName":"Verify the functionality of KiwiSaver Retirement Calculator","path":"KiwiSaver_Calculator.feature","type":"feature"},"title":"Calculate the projected balance at retirement for an \u0027Self-Employed\u0027 person","description":"","tags":[{"name":"Verify the functionality of KiwiSaver Retirement Calculator","type":"feature"},{"name":"KiwiSaver_Test","type":"tag"}],"startTime":1490886414530,"duration":46329,"sessionId":"ae12e9e4-1e22-4ba2-bc0b-6fb36b7715a5","driver":"iexplorer","manual":false,"result":"SUCCESS"}