<acceptance-test-run title="Calculate the projected balance at retirement for an &apos;Self-Employed&apos; person" name="Calculate the projected balance at retirement for an &apos;Self-Employed&apos; person" description="" steps="11" successful="11" failures="0" skipped="0" ignored="0" pending="0" result="SUCCESS" duration="46329" timestamp="2017-03-30T20:36:54.530+05:30" session-id="ae12e9e4-1e22-4ba2-bc0b-6fb36b7715a5">
  <user-story id="verify-the-functionality-of-kiwisaver-retirement-calculator" name="Verify the functionality of KiwiSaver Retirement Calculator" path="KiwiSaver_Calculator.feature"/>
  <tags>
    <tag name="Verify the functionality of KiwiSaver Retirement Calculator" type="feature"/>
    <tag name="KiwiSaver_Test" type="tag"/>
  </tags>
  <test-group name="Given TC_Kiwi_03 User launches &apos;Westpac New Zealand&apos; Application" result="SUCCESS">
    <screenshots>
      <screenshot image="8a050e385f8680bdc9ac2a98a599b41e.png"/>
    </screenshots>
    <test-step result="SUCCESS" duration="4028">
      <screenshots>
        <screenshot image="6e350fa7e99bc6afc8883839b6192cb5.png"/>
      </screenshots>
      <description>Launch  westpac  application</description>
    </test-step>
  </test-group>
  <test-group name="Then Verify that the user is navigated to home page" result="SUCCESS">
    <screenshots>
      <screenshot image="8a050e385f8680bdc9ac2a98a599b41e.png"/>
    </screenshots>
    <test-step result="SUCCESS" duration="1301">
      <screenshots>
        <screenshot image="8a050e385f8680bdc9ac2a98a599b41e.png"/>
      </screenshots>
      <description>Verify  user  navigation  to  home  page</description>
    </test-step>
  </test-group>
  <test-group name="Then Hover on &apos;KiwiSaver&apos; link in the header section" result="SUCCESS">
    <screenshots>
      <screenshot image="176e97cd99917b6634afdbcf2fea85d4.png"/>
    </screenshots>
    <test-step result="SUCCESS" duration="7766">
      <screenshots>
        <screenshot image="176e97cd99917b6634afdbcf2fea85d4.png"/>
      </screenshots>
      <description>Hover  on  this  element: &lt;span class=&apos;step-parameter&apos;&gt;KiwiSaver&lt;/span&gt;</description>
    </test-step>
  </test-group>
  <test-group name="And Verify the section being shown below KiwiSaver link" result="SUCCESS">
    <screenshots>
      <screenshot image="176e97cd99917b6634afdbcf2fea85d4.png"/>
    </screenshots>
    <test-step result="SUCCESS" duration="1352">
      <screenshots>
        <screenshot image="176e97cd99917b6634afdbcf2fea85d4.png"/>
      </screenshots>
      <description>Verify  section  below  kiwi  saver  section</description>
    </test-step>
  </test-group>
  <test-group name="Then Click on &apos;KiwiSaver calculators&apos; button" result="SUCCESS">
    <screenshots>
      <screenshot image="71da4b4954c1d608811d210ac9184627.png"/>
    </screenshots>
    <test-step result="SUCCESS" duration="813">
      <screenshots>
        <screenshot image="a7036dbbff8a5e1f043f9779c3b6b257.png"/>
      </screenshots>
      <description>Click  on  button: &lt;span class=&apos;step-parameter&apos;&gt;KiwiSaver calculators&lt;/span&gt;</description>
    </test-step>
  </test-group>
  <test-group name="And Verify that user navigates to &apos;KiwiSaver Retirement Scheme&apos; home screen" result="SUCCESS">
    <screenshots>
      <screenshot image="006b19085363d2224c3d59283a8522d4.png"/>
    </screenshots>
    <test-step result="SUCCESS" duration="1254">
      <screenshots>
        <screenshot image="006b19085363d2224c3d59283a8522d4.png"/>
      </screenshots>
      <description>User  navigates to  kiwi saver  retirement  scheme  screen</description>
    </test-step>
  </test-group>
  <test-group name="Then Click on &apos;Click here to get started&apos; button" result="SUCCESS">
    <screenshots>
      <screenshot image="262937e3a8fb608836b1360bf5e7408c.png"/>
    </screenshots>
    <test-step result="SUCCESS" duration="741">
      <screenshots>
        <screenshot image="02c75537d4905ef8c49e0335e9ca525e.png"/>
      </screenshots>
      <description>Click  on  button: &lt;span class=&apos;step-parameter&apos;&gt;Click here to get started&lt;/span&gt;</description>
    </test-step>
  </test-group>
  <test-group name="And Now Verify that the user has navigated to &apos;KiwiSaver Retirement Calculator&apos; screen" result="SUCCESS">
    <screenshots>
      <screenshot image="23b666eb2169f6d88b7386ee6e7ddd39.png"/>
      <screenshot image="8202e117a1cf9db84368f228b0ee757a.png"/>
    </screenshots>
    <test-step result="SUCCESS" duration="5040">
      <screenshots>
        <screenshot image="8202e117a1cf9db84368f228b0ee757a.png"/>
      </screenshots>
      <description>User  navigates to  kiwi saver  retirement  calculator  screen</description>
    </test-step>
  </test-group>
  <test-group name="Then Enter the details of an &apos;Self-employed&apos; person in the calculator" result="SUCCESS">
    <screenshots>
      <screenshot image="8efb1a37ba50eab577d567f9bc72e8b7.png"/>
    </screenshots>
    <test-step result="SUCCESS" duration="6282">
      <screenshots>
        <screenshot image="6b47e9708ef814e2a635597f52eafd2e.png"/>
      </screenshots>
      <description>Enter  the  details  for  person: &lt;span class=&apos;step-parameter&apos;&gt;Self-employed&lt;/span&gt;</description>
    </test-step>
  </test-group>
  <test-group name="And Verify your &apos;KiwiSaver&apos; Balance by clicking the calculator button" result="SUCCESS">
    <screenshots>
      <screenshot image="706108758ea6e5709a35067150bd4a93.png"/>
      <screenshot image="158744e2b1dd2b801ff4cb781c9bf0ec.png"/>
    </screenshots>
    <test-step result="SUCCESS" duration="2130">
      <screenshots>
        <screenshot image="706108758ea6e5709a35067150bd4a93.png"/>
        <screenshot image="158744e2b1dd2b801ff4cb781c9bf0ec.png"/>
      </screenshots>
      <description>Verify  kiwi saver  balance being shown on the screen</description>
    </test-step>
    <test-step result="SUCCESS" duration="1702">
      <screenshots>
        <screenshot image="158744e2b1dd2b801ff4cb781c9bf0ec.png"/>
        <screenshot image="ec39a46bf90b173c6dd0f5d2b1152ccf.png"/>
      </screenshots>
      <description>Kiwi saver  balance  is  being  shown</description>
    </test-step>
  </test-group>
</acceptance-test-run>